<?xml version="1.0" encoding="UTF-8"?>
<modification>
	<id>News</id>
	<version>OC 2.x</version>
	<vqmver>2.0.0</vqmver>
	<author>Malsapp</author>
	<file name="admin/view/template/common/header.tpl">
		<operation>
			<search position="before"><![CDATA[
<?php foreach ($links as $link) { ?>
			]]></search>
			<add><![CDATA[
<?php 
    if($direction == 'rtl') echo '<link type="text/css" href="view/stylesheet/rtl.stylesheet.css" rel="stylesheet" media="screen" />';
?>
			]]></add>
		</operation>
	</file>
</modification>