<?xml version="1.0" encoding="UTF-8"?>
<modification>
	<id>News</id>
	<version>OC 2.x</version>
	<vqmver>2.0.0</vqmver>
	<author>Equotix</author>
	<file name="admin/controller/common/column_left.php">
		<operation>
			<search position="before"><![CDATA[
				if ($this->user->hasPermission('access', 'extension/event')) {
			]]></search>
			<add><![CDATA[
				if ($this->user->hasPermission('access', 'extension/news')) {
					$extension[] = array(
						'name'	   => 'News',
						'href'     => $this->url->link('extension/news', 'token=' . $this->session->data['token'], true),
						'children' => array()		
					);
				}
			]]></add>
		</operation>
	</file>
	<file name="catalog/controller/common/footer.php">
		<operation>
			<search position="after" index="1"><![CDATA[
				$data['text_account']
			]]></search>
			<add><![CDATA[
				$data['news'] = $this->url->link('information/news');
				$data['text_news'] = $this->language->get('text_news');
			]]></add>
		</operation>
	</file>
	<file name="catalog/language/en-gb/common/footer.php">
		<operation>
			<search position="after" index="1"><![CDATA[
				$_
			]]></search>
			<add><![CDATA[
				$_['text_news'] = 'Our News';
			]]></add>
		</operation>
	</file>
	<file name="catalog/language/ar/common/footer.php">
		<operation>
			<search position="after" index="1"><![CDATA[
				$_['text_newsletter']   = 'القائمة البريدية';
			]]></search>
			<add><![CDATA[
				$_['text_news'] = 'اخر اﻷخبار';
			]]></add>
		</operation>
	</file>
	<file name="catalog/view/theme/*/template/common/footer.tpl">
		<operation>
			<search position="after"><![CDATA[
				<li><a href="<?php echo $sitemap; ?>"><?php echo $text_sitemap; ?></a></li>
			]]></search>
			<add><![CDATA[
				<li><a href="<?php echo $news; ?>"><?php echo $text_news; ?></a></li>
			]]></add>
		</operation>
	</file>
	<file name="catalog/controller/common/seo_url.php,catalog/controller/startup/seo_url.php" error="skip">
		<operation>
			<search position="before"><![CDATA[
				if ($url[0] == 'information_id') {
			]]></search>
			<add><![CDATA[
				if ($url[0] == 'news_id') {
					$this->request->get['news_id'] = $url[1];
				}	
			]]></add>
		</operation>
		<operation>
			<search position="before"><![CDATA[
				} elseif (isset($this->request->get['information_id'])) {
			]]></search>
			<add><![CDATA[
				} elseif (isset($this->request->get['news_id'])) {
					$this->request->get['route'] = 'information/news/news';
			]]></add>
		</operation>
		<operation>
			<search position="replace"><![CDATA[
				if (($data['route'] == 'product/product' && $key == 'product_id') || (($data['route'] == 'product/manufacturer/info' || $data['route'] == 'product/product') && $key == 'manufacturer_id') || ($data['route'] == 'information/information' && $key == 'information_id')) {
			]]></search>
			<add><![CDATA[
				if (($data['route'] == 'information/news/news' && $key == 'news_id') || ($data['route'] == 'product/product' && $key == 'product_id') || (($data['route'] == 'product/manufacturer/info' || $data['route'] == 'product/product') && $key == 'manufacturer_id') || ($data['route'] == 'information/information' && $key == 'information_id')) {
			]]></add>
		</operation>
		<operation>
			<search position="replace"><![CDATA[
				if ($query->row['query'] && $url[0] != 'information_id' && $url[0] != 'manufacturer_id' && $url[0] != 'category_id' && $url[0] != 'product_id') {
			]]></search>
			<add><![CDATA[
				if ($query->row['query'] && $url[0] != 'information_id' && $url[0] != 'manufacturer_id' && $url[0] != 'category_id' && $url[0] != 'product_id' && $url[0] != 'news_id') {
			]]></add>
		</operation>
	</file>
</modification>